t_s,f_hz,p_dbm
0.0,518350961,-32.3
5.0,518395048,-32.7
10.0,518357147,-32.4
15.0,518351987,-34.3
20.0,518332232,-33.0
25.0,518352209,-32.5
30.0,518273839,-33.3
35.0,518333350,-32.4
40.0,518346900,-32.7
45.0,518353792,-34.0
50.0,518313634,-32.4
55.0,518340634,-33.5
60.0,518383481,-33.3
65.0,518285747,-32.4
70.0,518325386,-32.3
75.0,518399398,-33.8
80.0,518394103,-33.0
85.0,518277726,-32.5
90.0,518347327,-32.5
95.0,518285548,-32.5
100.0,518288990,-32.6
105.0,518227566,-32.3
110.0,518337407,-32.5
115.0,518255277,-32.4
120.0,518333328,-32.4
125.0,518192074,-32.4
130.0,518247242,-32.6
135.0,518251762,-33.2
140.0,518272492,-32.6
145.0,518211843,-33.0
150.0,518259317,-34.0
155.0,518281276,-32.8
160.0,518336719,-33.7
165.0,518266061,-32.4
170.0,518205332,-32.4
175.0,518321681,-32.8
180.0,518325690,-32.5
185.0,518237461,-32.6
190.0,518269420,-32.4
195.0,518225306,-33.3
200.0,518294324,-32.8
205.0,518371277,-33.0
210.0,518291246,-32.7
215.0,518312706,-32.8
220.0,518257946,-32.4
225.0,518219919,-32.6
230.0,518311421,-32.5
235.0,518238991,-33.4
240.0,518264124,-32.5
245.0,518275609,-33.3
250.0,518278318,-32.8
255.0,518275890,-32.2
260.0,518236798,-32.9
265.0,518254162,-32.8
270.0,518328840,-33.1
275.0,518316134,-33.5
280.0,518201156,-33.6
285.0,518302638,-32.5
290.0,518287204,-32.5
295.0,518273242,-33.2
300.0,518358182,-32.5
305.0,518241241,-32.5
310.0,518316024,-32.4
315.0,518202550,-32.4
320.0,518229298,-32.4
325.0,518262558,-33.0
330.0,518290369,-32.8
335.0,518264113,-32.7
340.0,518207402,-32.7
345.0,518277294,-32.8
350.0,518214082,-32.6
355.0,518240919,-33.3
360.0,518287455,-32.6
365.0,518256525,-33.1
370.0,518350650,-32.8
375.0,518231478,-32.6
380.0,518320656,-32.3
385.0,518225559,-33.0
390.0,518247419,-32.7
395.0,518266347,-32.7
400.0,518231243,-32.4
405.0,518259393,-32.5
410.0,518173566,-33.0
415.0,518264245,-32.9
420.0,518200824,-32.5
425.0,518242404,-32.4
430.0,518223969,-32.5
435.0,518255569,-32.4
440.0,518174170,-32.2
445.0,518243305,-32.3
450.0,518202425,-32.4
455.0,518267834,-32.3
460.0,518264160,-32.4
465.0,518293823,-32.4
470.0,518251864,-32.8
475.0,518267207,-32.6
480.0,518349547,-32.8
485.0,518256185,-33.3
490.0,518252516,-32.7
495.0,518195327,-32.4
500.0,518224651,-32.5
505.0,518304971,-33.3
510.0,518227084,-32.7
515.0,518229035,-32.4
520.0,518297261,-32.7
525.0,518238825,-32.6
530.0,518212199,-32.7
535.0,518223400,-32.3
540.0,518286140,-32.4
545.0,518214572,-33.4
550.0,518237055,-33.7
555.0,518309023,-32.7
560.0,518278797,-34.7
565.0,518231069,-32.5
570.0,518222477,-32.7
575.0,518200111,-32.4
580.0,518229043,-32.8
585.0,518308273,-32.4
590.0,518275506,-32.6
595.0,518258650,-32.5
600.0,518232927,-32.7
605.0,518238956,-32.4
610.0,518193856,-32.9
615.0,518297254,-32.6
620.0,518209772,-33.2
625.0,518165615,-32.6
630.0,518135609,-32.9
635.0,518290359,-32.8
640.0,518172529,-34.3
645.0,518264426,-33.0
650.0,518229539,-32.4
655.0,518250882,-32.4
660.0,518214266,-33.4
665.0,518136826,-32.6
670.0,518253616,-32.5
675.0,518200792,-32.8
680.0,518289147,-33.1
685.0,518276665,-32.7
690.0,518230113,-32.5
695.0,518248301,-32.8
700.0,518277251,-32.4
705.0,518323422,-33.2
710.0,518304453,-33.2
715.0,518249103,-32.5
720.0,518215017,-32.2
725.0,518285575,-32.6
730.0,518102502,-30.4
735.0,518140687,-29.7
740.0,518129309,-29.9
745.0,518166849,-29.8
750.0,518130878,-29.8
755.0,518197391,-30.3
760.0,518138220,-33.7
765.0,518106903,-33.1
770.0,518101705,-33.8
775.0,518146668,-33.2
780.0,518214729,-33.2
785.0,518206383,-33.3
790.0,518186624,-33.2
795.0,518278882,-33.6
800.0,518113214,-35.6
805.0,518140237,-33.5
810.0,518047754,-33.8
815.0,518167960,-33.6
820.0,518217786,-33.0
825.0,518213098,-33.1
830.0,518094550,-33.1
835.0,518248083,-33.1
840.0,518217403,-32.9
845.0,518177251,-33.2
850.0,518212440,-33.0
855.0,518177049,-32.8
860.0,518203370,-33.8
865.0,518207190,-33.4
870.0,518258020,-33.3
875.0,518165211,-32.5
880.0,517946740,-31.9
885.0,517919031,-32.2
890.0,517745807,-32.0
895.0,517674803,-32.0
