time,dist_cm,note,f_mhz,p_on_dbm,p_off_dbm,floor_dbm,snr_db
20261007_153636,150,1 TXmono RXmono phone a,518.317,-64.5,nan,-102.5,38.0
20261007_153641,150,1 TXmono RXmono phone b,518.299,-64.3,nan,-104.5,40.2
20261007_153724,150,2 TXdip RXmono phone a,518.289,-61.7,nan,-104.1,42.4
20261007_153728,150,2 TXdip RXmono phone b,518.304,-62.8,nan,-104.4,41.6
20261007_154019,150,3 TXmono RXmono USB a,518.236,-61.7,nan,-100.5,38.8
20261007_154025,150,3 TXmono RXmono USB b,518.256,-60.5,nan,-101.9,41.4
20261007_154239,150,4 TXdip RXmono USB a,518.344,-60.5,nan,-102.3,41.8
20261007_154244,150,4 TXdip RXmono USB b,518.331,-60.7,nan,-101.9,41.2
20261007_154359,150,5 TXmono RXmono phone hand a,518.247,-72.1,nan,-102.3,30.2
20261007_154405,150,5 TXmono RXmono phone hand b,518.213,-71.6,nan,-101.1,29.6
20261007_154505,150,6 TXdip RXmono phone hand a,518.301,-67.0,nan,-102.0,35.0
20261007_154511,150,6 TXdip RXmono phone hand b,518.276,-66.8,nan,-101.1,34.3
20261007_154714,150,7 TXdip RXdip phone a,518.229,-60.3,nan,-104.3,44.0
20261007_154719,150,7 TXdip RXdip phone b,518.289,-59.5,nan,-103.8,44.3
20261007_154745,150,8 TXmono RXdip phone a,518.230,-59.4,nan,-104.9,45.5
20261007_154750,150,8 TXmono RXdip phone b,518.266,-59.0,nan,-105.8,46.8
